Plb,Pub,Qlb,Qub,p0,q0,Generator,Bus,BusUnitNum,CostPi,CostCi,alpha
0.2682,0.894,-0.0992,0.455,0.8915,-0.0414,15,1050,1,"[0.2682, 0.894]","[1202.877, 2303.048]",0.043504
0.2682,0.894,-0.0992,0.455,0.8915,-0.02881,16,1051,1,"[0.2682, 0.894]","[1202.877, 2303.048]",0.042942
0.2682,0.894,-0.0992,0.455,0.8915,-0.0703599999999999,17,1052,1,"[0.2682, 0.894]","[1202.877, 2303.048]",0.046261
0.5764,1.9213,-0.2133,0.978,1.91594,0.30817,26,1072,1,"[0.5764, 1.9213]","[1926.209, 4377.528]",0.047518
0.5764,1.9213,-0.2133,0.978,1.91594,0.35969,27,1073,1,"[0.5764, 1.9213]","[1926.209, 4377.528]",0.050429
0.5764,1.9213,-0.2133,0.978,1.91594,0.32681,28,1074,1,"[0.5764, 1.9213]","[1926.209, 4377.528]",0.041545
0.5764,1.9213,-0.2133,0.978,1.91594,0.34381,29,1075,1,"[0.5764, 1.9213]","[1926.209, 4377.528]",0.038577
0.2865,0.955,-0.106,0.4861,0.95233,0.18159,32,1078,1,"[0.2865, 0.955]","[1244.93, 2422.77]",0.042286
0.2865,0.955,-0.106,0.4861,0.95233,-0.106,33,1079,1,"[0.2865, 0.955]","[1244.93, 2422.77]",0.042833
0.2865,0.955,-0.106,0.4861,0.95233,0.14904,34,1080,1,"[0.2865, 0.955]","[1244.93, 2422.77]",0.041753
0.25,0.833299999999999,-0.0925,0.4242,0.83097,0.1816,46,2023,1,"[0.25, 0.8332999999999999]","[1150.056, 2147.344]",0.039672
0.5,1.66669999999999,-0.185,0.848299999999999,1.66205,0.26527,47,2024,1,"[0.5, 1.6666999999999998]","[1721.076, 3775.713]",0.037181
2.16,7.2,-0.8784,3.3552,5.73575,-0.4707,50,2057,1,"[2.16, 4.68, 7.2]","[5221.71, 9917.982, 14868.27]",0.043863
0.06,0.2,-0.0222,0.1018,0.199439999999999,0.1018,56,2083,1,"[0.06, 0.2]","[726.218, 951.044]",0.046251
0.554099999999999,1.8472,-0.205,0.940199999999999,1.84204,-0.205,67,2115,1,"[0.5540999999999999, 1.8472]","[1847.434, 4139.083]",0.037875
0.554099999999999,1.8472,-0.205,0.940199999999999,1.84204,-0.205,68,2116,1,"[0.5540999999999999, 1.8472]","[1847.434, 4139.083]",0.04683
0.554099999999999,1.8472,-0.205,0.940199999999999,1.84204,-0.205,69,2117,1,"[0.5540999999999999, 1.8472]","[1847.434, 4139.083]",0.046242
0.554099999999999,1.8472,-0.205,0.940199999999999,1.84204,-0.205,70,2118,1,"[0.5540999999999999, 1.8472]","[1847.434, 4139.083]",0.045326
0.554099999999999,1.8472,-0.205,0.940199999999999,1.84204,-0.205,71,2119,1,"[0.5540999999999999, 1.8472]","[1847.434, 4139.083]",0.045096
0.554099999999999,1.8472,-0.205,0.940199999999999,1.84204,-0.02916,72,2120,1,"[0.5540999999999999, 1.8472]","[1847.434, 4139.083]",0.046287
1.23,4.1,-0.5002,1.9106,4.08855,0.57457,121,4026,1,"[1.23, 4.1]","[3371.766, 8606.072]",0.044406
1.8672,6.224,-0.7593,2.9004,4.6056,-0.230829999999999,122,4030,1,"[1.8672, 4.0456, 6.224]","[4625.655, 8624.012, 12812.186]",0.045988
0.1326,0.442,-0.0491,0.225,0.44077,0.225,127,4052,1,"[0.1326, 0.442]","[888.236, 1407.64]",0.052489
0.432,1.44,-0.1598,0.733,0.996,0.18552,128,4058,1,"[0.43200000000000005, 1.44]","[1560.621, 3314.561]",0.046313
0.432,1.44,-0.1598,0.733,0.840789999999999,0.197169999999999,129,4059,1,"[0.43200000000000005, 1.44]","[1560.621, 3314.561]",0.038835
0.432,1.44,-0.1598,0.733,1.24399,0.15601,130,4060,1,"[0.43200000000000005, 1.44]","[1560.621, 3314.561]",0.044981
0.517,1.7233,-0.1913,0.8772,1.48872999999999,0.20614,131,4061,1,"[0.517, 1.7233]","[1756.945, 3876.9]",0.052558
0.517,1.7233,-0.1913,0.8772,1.71848999999999,0.17913,132,4062,1,"[0.517, 1.7233]","[1756.945, 3876.9]",0.042622
0.517,1.7233,-0.1913,0.8772,1.24747,0.20785,133,4063,1,"[0.517, 1.7233]","[1756.945, 3876.9]",0.04899
0.141,0.47,-0.0521999999999999,0.2392,0.46869,0.1418,134,4065,1,"[0.141, 0.47]","[906.685, 1459.54]",0.04013
0.529,1.7633,-0.1957,0.8975,1.75837999999999,0.36045,136,4076,1,"[0.529, 1.7633]","[2406.144, 6052.693]",0.040221
0.529,1.7633,-0.1957,0.8975,0.97061,0.2893,137,4077,1,"[0.529, 1.7633]","[2406.144, 6052.693]",0.038841
0.7302,2.434,-0.2702,1.2389,2.4272,0.32276,138,4082,1,"[0.7302, 2.434]","[2260.029, 5328.644]",0.040216
0.7302,2.434,-0.2702,1.2389,2.4272,0.33269,139,4083,1,"[0.7302, 2.434]","[2260.029, 5328.644]",0.040651
0.7302,2.434,-0.2702,1.2389,2.4272,0.51426,140,4084,1,"[0.7302, 2.434]","[2260.029, 5328.644]",0.040447
1.056,3.52,-0.3907,1.79169999999999,1.68047,0.54881,141,4085,1,"[1.056, 3.52]","[3058.124, 7660.285]",0.048706
0.0705,0.235,-0.0287,0.109499999999999,0.23434,0.03948,143,4091,1,"[0.0705, 0.235]","[357.747, 641.231]",0.043381
0.084,0.28,-0.0342,0.1305,0.27922,0.02535,145,4093,1,"[0.084, 0.28]","[381.072, 719.07]",0.03992
0.084,0.28,-0.0342,0.1305,0.27922,0.08124,146,4094,1,"[0.084, 0.28]","[381.072, 719.07]",0.041161
0.084,0.28,-0.0342,0.1305,0.27922,0.03754,147,4095,1,"[0.084, 0.28]","[381.072, 719.07]",0.039401
0.084,0.28,-0.0342,0.1305,0.27922,0.0328699999999999,149,4097,1,"[0.084, 0.28]","[381.072, 719.07]",0.047359
0.3954,1.318,-0.1463,0.6709,1.31432,0.37248,152,4115,1,"[0.3954, 1.318]","[1935.155, 4616.847]",0.038443
0.3954,1.318,-0.1463,0.6709,1.23762,0.34117,153,4116,1,"[0.3954, 1.318]","[1935.155, 4616.847]",0.044517
0.1008,0.336,-0.0373,0.171,0.1021,-0.0373,155,4134,1,"[0.1008, 0.336]","[932.025, 1590.947]",0.049453
0.1008,0.336,-0.0373,0.171,0.1021,-0.0373,156,4135,1,"[0.1008, 0.336]","[932.025, 1590.947]",0.043739
0.1008,0.336,-0.0373,0.171,0.1021,-0.0373,157,4136,1,"[0.1008, 0.336]","[932.025, 1590.947]",0.040671
0.593299999999999,1.9777,-0.2195,1.0066,1.97217999999999,0.68621,162,4160,1,"[0.5932999999999999, 1.9777]","[1935.256, 4389.811]",0.042556
0.593299999999999,1.9777,-0.2195,1.0066,0.87786,0.28721,163,4161,1,"[0.5932999999999999, 1.9777]","[1935.256, 4389.811]",0.058293
0.593299999999999,1.9777,-0.2195,1.0066,1.12463,0.27683,164,4162,1,"[0.5932999999999999, 1.9777]","[1935.256, 4389.811]",0.053401
4.496099999999997,14.9871,-1.6637,7.628299999999999,11.44033,1.75426,170,4192,1,"[0.225, 0.75]","[1092.554, 1983.82]",0.03996
0.9254,3.0847,-0.3424,1.57009999999999,0.937369999999999,0.76294,186,5037,1,"[0.9254000000000001, 3.0847]","[2596.972, 6252.669]",0.044548
0.9254,3.0847,-0.3424,1.57009999999999,0.937369999999999,0.74107,187,5038,1,"[0.9254000000000001, 3.0847]","[2596.972, 6252.669]",0.045782
0.9254,3.0847,-0.3424,1.57009999999999,0.937369999999999,1.57009999999999,188,5039,1,"[0.9254000000000001, 3.0847]","[2596.972, 6252.669]",0.041313
0.9254,3.0847,-0.3424,1.57009999999999,0.937369999999999,0.55862,189,5040,1,"[0.9254000000000001, 3.0847]","[2596.972, 6252.669]",0.043993
0.9254,3.0847,-0.3424,1.57009999999999,0.937369999999999,0.80676,190,5041,1,"[0.9254000000000001, 3.0847]","[2596.972, 6252.669]",0.050511
0.9254,3.0847,-0.3424,1.57009999999999,0.937369999999999,0.69222,191,5042,1,"[0.9254000000000001, 3.0847]","[2596.972, 6252.669]",0.044916
0.2541,0.847,-0.094,0.4311,0.84463,0.4311,192,5051,1,"[0.2541, 0.847]","[1159.271, 2173.492]",0.045809
0.952,3.1735,-0.352299999999999,1.6153,2.51164,-0.12737,194,5058,1,"[0.9520000000000001, 3.1735]","[2739.555, 6701.5]",0.041482
0.0318,0.106,-0.0118,0.054,0.1057,0.054,195,5065,1,"[0.0318, 0.106]","[666.751, 785.491]",0.0
1.3148,4.3827,-0.4865,2.2308,4.37046,1.94052,197,5067,1,"[1.3148, 4.3827]","[3597.984, 9291.01]",0.039679
1.3148,4.3827,-0.4865,2.2308,4.37046,1.83381,198,5068,1,"[1.3148, 4.3827]","[3597.984, 9291.01]",0.045088
1.3148,4.3827,-0.4865,2.2308,4.37046,1.72197,199,5069,1,"[1.3148, 4.3827]","[3597.984, 9291.01]",0.04305
0.3795,1.265,-0.1404,0.6439,1.26147,0.6439,203,5166,1,"[0.3795, 1.265]","[1417.888, 2896.27]",0.051347
0.0048,0.016,-0.0018,0.0081,0.01596,0.0081,204,5167,1,"[0.0048, 0.016]","[610.055, 627.918]",0.0
0.746,2.4867,-0.276,1.26569999999999,2.07104,0.35142,207,5206,1,"[0.746, 2.4867]","[2251.785, 5284.827]",0.043173
0.746,2.4867,-0.276,1.26569999999999,1.80007,0.63002,208,5207,1,"[0.746, 2.4867]","[2251.785, 5284.827]",0.049083
0.746,2.4867,-0.276,1.26569999999999,1.80007,0.50466,209,5208,1,"[0.746, 2.4867]","[2251.785, 5284.827]",0.044697
3.645,12.15,-0.9963,4.4712,12.11607,0.56269,212,5262,1,"[3.645, 12.15]","[4027.847, 9960.085]",0.045185
3.645,12.15,-0.9963,4.4712,10.2398,0.51456,213,5263,1,"[3.645, 12.15]","[4165.145, 11062.7]",0.039669
0.803199999999999,2.6773,-0.297199999999999,1.3628,2.66982,-0.297199999999999,214,5281,1,"[0.8031999999999999, 2.6773000000000002]","[2582.59, 6385.532]",0.043808
0.803199999999999,2.6773,-0.297199999999999,1.3628,2.66982,-0.297199999999999,215,5282,1,"[0.8031999999999999, 2.6773000000000002]","[2582.59, 6385.532]",0.052476
0.345,1.15,-0.1276,0.5853,1.14679,0.5853,218,5298,1,"[0.345, 1.15]","[1364.584, 2756.63]",0.045475
0.345,1.15,-0.1276,0.5853,1.14679,0.5853,219,5299,1,"[0.345, 1.15]","[1364.584, 2756.63]",0.049238
0.345,1.15,-0.1276,0.5853,1.14679,0.5853,220,5300,1,"[0.345, 1.15]","[1364.584, 2756.63]",0.036878
0.2481,0.827,-0.0917999999999999,0.4209,0.824689999999999,0.4209,221,5301,1,"[0.2481, 0.8270000000000001]","[1145.809, 2135.352]",0.052043
1.3913,4.6375,-0.514799999999999,2.3605,4.62455,1.75610999999999,222,5302,1,"[1.3913, 4.6375]","[4270.456, 10581.679]",0.042291
1.3913,4.6375,-0.514799999999999,2.3605,4.62455,2.2947,223,5303,1,"[1.3913, 4.6375]","[4270.456, 10581.679]",0.046393
0.7884,2.628,-0.2917,1.3377,0.7986,0.09765,224,5319,1,"[0.7884, 2.628]","[2543.89, 6269.683]",0.04403
0.7884,2.628,-0.2917,1.3377,0.7986,0.10066,226,5321,1,"[0.7884, 2.628]","[2543.89, 6269.683]",0.037622
0.8522,2.8407,-0.3153,1.4459,2.83277,1.4459,227,5324,1,"[0.8522, 2.8407]","[2429.38, 5767.93]",0.044277
0.8522,2.8407,-0.3153,1.4459,2.83277,1.4459,228,5325,1,"[0.8522, 2.8407]","[2429.38, 5767.93]",0.039625
0.8522,2.8407,-0.3153,1.4459,2.83277,1.4459,229,5326,1,"[0.8522, 2.8407]","[2429.38, 5767.93]",0.047033
3.02399999999999,10.08,-1.2298,4.6973,10.05185,-0.25855,232,5360,1,"[3.0239999999999996, 6.5520000000000005, 10.08]","[7371.902, 14634.713, 22395.396]",0.044691
0.0312,0.104,-0.0115,0.0529,0.10371,-0.0115,233,5363,1,"[0.031200000000000002, 0.10400000000000001]","[665.488, 781.979]",0.0
0.64,2.1333,-0.2368,1.0859,2.12734,-0.220309999999999,234,5364,1,"[0.64, 2.1333]","[2006.132, 4576.598]",0.052708
0.64,2.1333,-0.2368,1.0859,2.12734,-0.08449,235,5365,1,"[0.64, 2.1333]","[2006.132, 4576.598]",0.040091
0.64,2.1333,-0.2368,1.0859,2.12734,-0.07413,236,5366,1,"[0.64, 2.1333]","[2006.132, 4576.598]",0.047483
0.64,2.1333,-0.2368,1.0859,2.12734,-0.07258,237,5367,1,"[0.64, 2.1333]","[2006.132, 4576.598]",0.053485
0.64,2.1333,-0.2368,1.0859,2.12734,-0.13714,238,5368,1,"[0.64, 2.1333]","[2006.132, 4576.598]",0.043696
0.64,2.1333,-0.2368,1.0859,2.12734,-0.06792,239,5369,1,"[0.64, 2.1333]","[2006.132, 4576.598]",0.04147
0.627,2.09,-0.231999999999999,1.06379999999999,0.63511,1.06379999999999,240,5382,1,"[0.627, 2.09]","[1924.303, 4317.58]",0.044194
0.627,2.09,-0.231999999999999,1.06379999999999,0.63511,1.06379999999999,241,5383,1,"[0.627, 2.09]","[1924.303, 4317.58]",0.047507
0.2682,0.894,-0.0992,0.455,0.8915,0.455,243,5403,1,"[0.2682, 0.894]","[1173.188, 2204.082]",0.053074
0.2682,0.894,-0.0992,0.455,0.772309999999999,0.455,244,5404,1,"[0.2682, 0.894]","[1173.188, 2204.082]",0.045028
0.2682,0.894,-0.0992,0.455,0.84771,0.455,245,5405,1,"[0.2682, 0.894]","[1173.188, 2204.082]",0.030476
0.2682,0.894,-0.0992,0.455,0.8915,0.455,246,5406,1,"[0.2682, 0.894]","[1173.188, 2204.082]",0.039464
0.366,1.22,-0.1354,0.621,1.21659,-0.11404,247,5415,1,"[0.366, 1.22]","[1387.998, 2811.496]",0.052738
0.366,1.22,-0.1354,0.621,1.21659,-0.10885,248,5416,1,"[0.366, 1.22]","[1387.998, 2811.496]",0.040116
0.366,1.22,-0.1354,0.621,1.21659,-0.12524,249,5417,1,"[0.366, 1.22]","[1387.998, 2811.496]",0.044492
0.3564,1.188,-0.1319,0.6047,1.18468,-0.1319,250,5418,1,"[0.3564, 1.188]","[1366.776, 2751.343]",0.045213
0.3564,1.188,-0.1319,0.6047,1.18468,-0.1319,251,5419,1,"[0.3564, 1.188]","[1366.776, 2751.343]",0.037016
0.0372,0.124,-0.0138,0.0630999999999999,0.12365,-0.0138,252,5423,1,"[0.037200000000000004, 0.124]","[678.12, 817.123]",0.0
2.5818,8.606,-0.9551999999999999,4.38039999999998,8.58195999999998,0.76244,257,5444,4,"[0.867, 2.89]","[2750.57, 6889.911]",0.044587
0.639,2.13,-0.2364,1.0842,2.12405,0.77369,262,6006,1,"[0.639, 2.13]","[2046.051, 4710.751]",0.047752
0.595,1.9833,-0.2201,1.0095,1.97776,0.67775,264,6008,1,"[0.595, 1.9833]","[1942.102, 4410.754]",0.052312
0.595,1.9833,-0.2201,1.0095,1.97776,0.42184,265,6009,1,"[0.595, 1.9833]","[1942.102, 4410.754]",0.048511
0.595,1.9833,-0.2201,1.0095,1.97776,0.5722,266,6010,1,"[0.595, 1.9833]","[1942.102, 4410.754]",0.057536
0.1722,0.574,-0.0637,0.2922,0.5724,0.2922,272,6051,1,"[0.1722, 0.574]","[955.428, 1586.48]",0.053513
0.1722,0.574,-0.0637,0.2922,0.5724,0.2922,274,6053,1,"[0.1722, 0.574]","[955.428, 1586.48]",0.039007
0.1722,0.574,-0.0637,0.2922,0.5724,0.2922,275,6054,1,"[0.1722, 0.574]","[955.428, 1586.48]",0.043463
0.544099999999999,1.8137,-0.201299999999999,0.923199999999999,1.23816,0.492299999999999,276,6069,1,"[0.5440999999999999, 1.8137]","[1822.686, 4067.057]",0.048105
0.544099999999999,1.8137,-0.201299999999999,0.923199999999999,1.3129,0.21358,277,6070,1,"[0.5440999999999999, 1.8137]","[1822.686, 4067.057]",0.04591
0.544099999999999,1.8137,-0.201299999999999,0.923199999999999,1.05898,0.62982,278,6071,1,"[0.5440999999999999, 1.8137]","[1822.686, 4067.057]",0.051592
0.544099999999999,1.8137,-0.201299999999999,0.923199999999999,1.3129,0.373179999999999,280,6073,1,"[0.5440999999999999, 1.8137]","[1822.686, 4067.057]",0.036759
0.544099999999999,1.8137,-0.201299999999999,0.923199999999999,1.3129,0.367969999999999,281,6074,1,"[0.5440999999999999, 1.8137]","[1822.686, 4067.057]",0.049757
1.69,5.6333,-0.6873,2.62509999999999,4.77299,-0.6873,282,6078,1,"[1.69, 3.6616500000000003, 5.6333]","[4350.975, 8031.519, 11867.559]",0.039434
1.69,5.6333,-0.6873,2.62509999999999,3.28918,-0.6873,283,6079,1,"[1.69, 3.6616500000000003, 5.6333]","[4350.975, 8031.519, 11867.559]",0.048085
1.69,5.6333,-0.6873,2.62509999999999,3.28918,-0.6873,284,6080,1,"[1.69, 3.6616500000000003, 5.6333]","[4350.975, 8031.519, 11867.559]",0.047567
0.1815,0.605,-0.0672,0.3079,0.60331,0.3079,293,6104,1,"[0.1815, 0.605]","[996.848, 1713.988]",0.035958
0.1815,0.605,-0.0672,0.3079,0.60331,0.3079,294,6105,1,"[0.1815, 0.605]","[996.848, 1713.988]",0.043931
0.363,1.21,-0.1343,0.6159,1.20662,0.6159,295,6106,1,"[0.363, 1.21]","[1404.729, 2870.572]",0.045352
1.7718,5.906,-0.720499999999999,2.7522,3.01177,1.00757,296,6110,1,"[1.7718, 3.8388999999999998, 5.906000000000001]","[4514.252, 8383.685, 12424.035]",0.047749
1.9845,6.615,-0.807,3.0826,2.93627,1.01775,297,6111,1,"[1.9845, 4.29975, 6.615]","[4940.069, 9305.207, 13884.76]",0.041516
1.338,4.46,-0.4951,2.2701,3.22851,0.38031,299,6145,1,"[1.338, 4.46]","[3685.195, 9293.182]",0.046907
1.338,4.46,-0.4951,2.2701,3.22851,0.39389,300,6146,1,"[1.338, 4.46]","[3685.195, 9293.182]",0.044938
2.796,9.32,-1.0345,4.7439,2.83216999999999,0.42696,301,6147,1,"[2.7960000000000003, 9.32]","[9374.039, 22933.259]",0.044378
2.166,7.22,-0.8014,3.675,2.19402,1.27839,303,6149,1,"[2.166, 7.22]","[7919.021, 17806.97]",0.04837
0.705199999999999,2.3505,-0.2609,1.1964,0.71432,0.382999999999999,304,6164,1,"[0.7051999999999999, 2.3505000000000003]","[2203.642, 5166.428]",0.054782
0.705199999999999,2.3505,-0.2609,1.1964,0.71432,0.33987,305,6165,1,"[0.7051999999999999, 2.3505000000000003]","[2203.642, 5166.428]",0.043655
0.705199999999999,2.3505,-0.2609,1.1964,0.71432,0.819959999999999,306,6166,1,"[0.7051999999999999, 2.3505000000000003]","[2203.642, 5166.428]",0.038777
0.705199999999999,2.3505,-0.2609,1.1964,0.71432,0.43719,307,6167,1,"[0.7051999999999999, 2.3505000000000003]","[2203.642, 5166.428]",0.043021
0.183,0.61,-0.0677,0.3105,0.6083,0.18829,312,6242,1,"[0.183, 0.61]","[978.041, 1649.597]",0.041014
0.548999999999999,1.83,-0.203099999999999,0.9315,1.82489,0.45892,313,6243,1,"[0.5489999999999999, 1.83]","[1765.362, 3870.673]",0.039519
0.894,2.98,-0.3308,1.5168,2.97168,0.55716,314,6244,1,"[0.894, 2.98]","[2545.777, 6113.546]",0.046542
0.894,2.98,-0.3308,1.5168,2.97168,0.64315,315,6245,1,"[0.894, 2.98]","[2545.777, 6113.546]",0.046724
0.894,2.98,-0.3308,1.5168,2.97168,1.21168,316,6246,1,"[0.894, 2.98]","[2545.777, 6113.546]",0.052698
0.55,1.8333,-0.2035,0.933199999999999,1.82818,0.933199999999999,317,6247,1,"[0.55, 1.8333000000000002]","[1767.588, 3876.99]",0.043352
0.55,1.8333,-0.2035,0.933199999999999,1.82818,0.50779,318,6248,1,"[0.55, 1.8333000000000002]","[1767.588, 3876.99]",0.049742
0.55,1.8333,-0.2035,0.933199999999999,1.82818,0.35112,319,6249,1,"[0.55, 1.8333000000000002]","[1767.588, 3876.99]",0.042604
0.582,1.94,-0.2153,0.9875,0.58953,-0.09894,320,6257,1,"[0.5820000000000001, 1.94]","[1911.525, 4322.681]",0.037426
0.582,1.94,-0.2153,0.9875,1.06959,-0.0560299999999999,321,6258,1,"[0.5820000000000001, 1.94]","[1911.525, 4322.681]",0.047173
0.770999999999999,2.57,-0.2853,1.3081,0.780969999999999,-0.11569,323,6260,1,"[0.7709999999999999, 2.57]","[2361.821, 5625.765]",0.040827
0.6187,2.0623,-0.2289,1.0497,0.6267,-0.2289,333,6295,1,"[0.6187, 2.0623]","[1997.992, 4571.945]",0.046573
0.6187,2.0623,-0.2289,1.0497,0.6267,-0.2289,334,6296,1,"[0.6187, 2.0623]","[1997.992, 4571.945]",0.046111
0.619,2.0623,-0.2289,1.0497,0.627,-0.150239999999999,335,6297,1,"[0.619, 2.0623]","[1998.523, 4571.946]",0.040782
0.7418,2.4725,-0.2744,1.2585,2.4656,-0.2744,337,6302,1,"[0.7418, 2.4725]","[2291.472, 5421.171]",0.045279
0.7418,2.4725,-0.2744,1.2585,2.13826,-0.2744,338,6303,1,"[0.7418, 2.4725]","[2291.472, 5421.171]",0.04534
0.7418,2.4725,-0.2744,1.2585,2.4656,-0.2744,339,6304,1,"[0.7418, 2.4725]","[2291.472, 5421.171]",0.04399
0.7418,2.4725,-0.2744,1.2585,2.4656,-0.2744,340,6305,1,"[0.7418, 2.4725]","[2291.472, 5421.171]",0.03921
2.487,8.29,-0.9200999999999999,4.2197,2.5191799999999995,4.2197,343,6349,11,"[0.309, 1.03]","[1282.207, 2521.959]",0.045195
0.489,1.63,-0.1809,0.8297,1.62544999999999,0.38381,352,7005,1,"[0.489, 1.63]","[1612.607, 3425.987]",0.051435
0.489,1.63,-0.1809,0.8297,1.62544999999999,0.672219999999999,353,7006,1,"[0.489, 1.63]","[1612.607, 3425.987]",0.047291
0.489,1.63,-0.1809,0.8297,1.62544999999999,0.44398,354,7007,1,"[0.489, 1.63]","[1612.607, 3425.987]",0.03774
0.489,1.63,-0.1809,0.8297,1.62544999999999,0.41684,355,7008,1,"[0.489, 1.63]","[1612.607, 3425.987]",0.045387
0.489,1.63,-0.1809,0.8297,1.62544999999999,0.37779,356,7009,1,"[0.489, 1.63]","[1612.607, 3425.987]",0.047799
0.0672,0.223999999999999,-0.0249,0.114,0.223369999999999,0.114,358,7021,1,"[0.0672, 0.22399999999999998]","[745.338, 1006.459]",0.048913
0.1422,0.474,-0.0526,0.2413,0.47268,0.2413,359,7022,1,"[0.1422, 0.474]","[909.324, 1466.968]",0.044137
0.1422,0.474,-0.0526,0.2413,0.47268,0.2413,360,7023,1,"[0.1422, 0.474]","[909.324, 1466.968]",0.039744
0.2844,0.948,-0.1052,0.4825,0.945349999999999,0.4825,361,7024,1,"[0.2844, 0.948]","[1225.382, 2359.955]",0.048647
0.5653,1.88449999999999,-0.2092,0.9592,1.87924,0.37104,367,7045,1,"[0.5653, 1.8844999999999998]","[1869.62, 4201.04]",0.045605
0.5653,1.88449999999999,-0.2092,0.9592,1.87924,0.78216,368,7046,1,"[0.5653, 1.8844999999999998]","[1869.62, 4201.04]",0.036813
0.3447,1.149,-0.1275,0.5848,0.670879999999999,-0.1275,369,7061,1,"[0.3447, 1.149]","[1361.471, 2746.586]",0.042345
0.3447,1.149,-0.1275,0.5848,0.670879999999999,-0.1275,370,7062,1,"[0.3447, 1.149]","[1361.471, 2746.586]",0.049768
0.3447,1.149,-0.1275,0.5848,0.670879999999999,-0.1275,371,7063,1,"[0.3447, 1.149]","[1361.471, 2746.586]",0.036397
0.3447,1.149,-0.1275,0.5848,0.83174,-0.1275,372,7064,1,"[0.3447, 1.149]","[1361.471, 2746.586]",0.045532
0.3447,1.149,-0.1275,0.5848,0.83174,-0.1275,373,7065,1,"[0.3447, 1.149]","[1361.471, 2746.586]",0.041957
0.3447,1.149,-0.1275,0.5848,0.68104,-0.1275,374,7066,1,"[0.3447, 1.149]","[1361.471, 2746.586]",0.043494
0.6859,2.2865,-0.253799999999999,1.1638,1.59884999999999,0.37805,375,7079,1,"[0.6859000000000001, 2.2865]","[2040.853, 4644.428]",0.049881
0.6859,2.2865,-0.253799999999999,1.1638,1.65513,0.29605,376,7080,1,"[0.6859000000000001, 2.2865]","[2040.853, 4644.428]",0.04728
0.6859,2.2865,-0.253799999999999,1.1638,1.65513,0.29931,377,7081,1,"[0.6859000000000001, 2.2865]","[2040.853, 4644.428]",0.051472
0.6859,2.2865,-0.253799999999999,1.1638,1.65513,0.36621,378,7082,1,"[0.6859000000000001, 2.2865]","[2040.853, 4644.428]",0.039334
4.0629,13.543,-1.1105,4.9838,12.4066599999999,1.99114,379,7098,1,"[4.0629, 13.543]","[4317.086, 11012.881]",0.040653
4.0629,13.543,-1.1105,4.9838,13.50519,0.06007,380,7099,1,"[4.0629, 13.543]","[4050.299, 11108.234]",0.041225
0.45,1.5,-0.166499999999999,0.7635,1.49580999999999,0.7635,381,7107,1,"[0.45, 1.5]","[1529.186, 3190.181]",0.044352
0.153,0.51,-0.0566,0.2596,0.508579999999999,0.200159999999999,382,7108,1,"[0.153, 0.51]","[909.035, 1453.685]",0.039991
0.153,0.51,-0.0566,0.2596,0.508579999999999,0.242989999999999,383,7109,1,"[0.153, 0.51]","[909.035, 1453.685]",0.040901
0.588,1.96,-0.2176,0.9976,1.95453,0.49932,384,7110,1,"[0.588, 1.96]","[1826.458, 4032.743]",0.040127
0.588,1.96,-0.2176,0.9976,1.95453,0.48686,385,7111,1,"[0.588, 1.96]","[1826.458, 4032.743]",0.048022
0.588,1.96,-0.2176,0.9976,1.95453,0.775139999999999,386,7112,1,"[0.588, 1.96]","[1826.458, 4032.743]",0.047744
0.588,1.96,-0.2176,0.9976,1.95453,0.41781,387,7113,1,"[0.588, 1.96]","[1826.458, 4032.743]",0.049582
0.588,1.96,-0.2176,0.9976,1.95453,0.82307,388,7114,1,"[0.588, 1.96]","[1826.458, 4032.743]",0.058308
0.588,1.96,-0.2176,0.9976,1.95453,0.82666,389,7115,1,"[0.588, 1.96]","[1826.458, 4032.743]",0.044099
0.0489,0.163,-0.0181,0.083,0.16254,-0.0181,392,7133,1,"[0.0489, 0.163]","[697.994, 869.808]",0.0
0.6197,2.0655,-0.2293,1.0513,2.05973,-0.2293,393,7134,1,"[0.6197, 2.0655]","[1895.516, 4229.113]",0.040138
0.6197,2.0655,-0.2293,1.0513,2.05973,-0.2293,394,7135,1,"[0.6197, 2.0655]","[1895.516, 4229.113]",0.042267
0.6197,2.0655,-0.2293,1.0513,2.05973,-0.2293,395,7136,1,"[0.6197, 2.0655]","[1895.516, 4229.113]",0.036557
0.6197,2.0655,-0.2293,1.0513,2.05973,-0.2293,396,7137,1,"[0.6197, 2.0655]","[1895.516, 4229.113]",0.037138
1.1421,3.807,-0.4226,1.9378,3.79637,-0.4226,397,7138,1,"[1.1421, 3.807]","[3078.173, 7643.39]",0.042975
0.177,0.59,-0.0655,0.3003,0.58835,-0.0655,398,7139,1,"[0.177, 0.59]","[958.154, 1590.114]",0.046596
0.177,0.59,-0.0655,0.3003,0.58835,-0.0655,399,7140,1,"[0.177, 0.59]","[958.154, 1590.114]",0.045202
0.177,0.59,-0.0655,0.3003,0.58835,-0.0655,400,7141,1,"[0.177, 0.59]","[958.154, 1590.114]",0.04305
0.177,0.59,-0.0655,0.3003,0.58835,-0.0655,401,7142,1,"[0.177, 0.59]","[958.154, 1590.114]",0.035904
0.0306,0.102,-0.0113,0.0519,0.10172,-0.0113,402,7146,1,"[0.030600000000000002, 0.102]","[661.239, 768.512]",0.0
0.3318,1.10599999999999,-0.122799999999999,0.563,1.10291,0.563,403,7162,1,"[0.3318, 1.1059999999999999]","[1279.166, 2486.513]",0.047298
0.3318,1.10599999999999,-0.122799999999999,0.563,1.10291,0.563,404,7163,1,"[0.3318, 1.1059999999999999]","[1279.166, 2486.513]",0.053083
0.3318,1.10599999999999,-0.122799999999999,0.563,1.10291,0.563,405,7164,1,"[0.3318, 1.1059999999999999]","[1279.166, 2486.513]",0.035719
0.3318,1.10599999999999,-0.122799999999999,0.563,1.10291,0.563,406,7165,1,"[0.3318, 1.1059999999999999]","[1279.166, 2486.513]",0.043566
0.3318,1.10599999999999,-0.122799999999999,0.563,1.10291,0.54931,407,7166,1,"[0.3318, 1.1059999999999999]","[1279.166, 2486.513]",0.053752
0.332,1.10599999999999,-0.122799999999999,0.563,1.10291,0.45648,408,7167,1,"[0.332, 1.1059999999999999]","[1279.476, 2486.514]",0.045582
0.2632,0.8772,-0.0974,0.4465,0.874749999999999,0.4465,409,7168,1,"[0.2632, 0.8772]","[1135.997, 2085.55]",0.051921
0.263,0.8772,-0.0974,0.4465,0.874749999999999,0.4465,410,7169,1,"[0.263, 0.8772]","[1135.689, 2085.55]",0.047871
1.0526,3.5087,-0.3895,1.7859,3.33756,1.30815,411,7170,1,"[1.0526, 3.5087]","[2869.679, 7035.502]",0.045682
0.0207,0.069,-0.0077,0.0351,0.06881,0.0351,412,7189,1,"[0.0207, 0.069]","[641.394, 713.868]",0.0
0.144,0.48,-0.0533,0.2443,0.47866,0.13814,413,7190,1,"[0.14400000000000002, 0.48]","[890.662, 1402.706]",0.035996
0.105,0.35,-0.0388,0.178099999999999,0.34902,0.178099999999999,415,7192,1,"[0.105, 0.35]","[811.31, 1182.84]",0.048031
0.0225,0.075,-0.0083,0.0382,0.07479,0.0382,416,7193,1,"[0.0225, 0.075]","[645.001, 723.796]",0.0
0.6928,2.3095,-0.2564,1.1755,2.30305,0.49079,417,7194,1,"[0.6928, 2.3095]","[2056.067, 4687.93]",0.048836
0.6928,2.3095,-0.2564,1.1755,2.30305,0.42272,418,7195,1,"[0.6928, 2.3095]","[2056.067, 4687.93]",0.045969
0.6928,2.3095,-0.2564,1.1755,2.30305,0.76738,419,7196,1,"[0.6928, 2.3095]","[2056.067, 4687.93]",0.050703
0.6928,2.3095,-0.2564,1.1755,2.30305,1.1755,420,7197,1,"[0.6928, 2.3095]","[2056.067, 4687.93]",0.045069
2.295,7.65,-0.8492,3.8939,7.62864,0.84906,422,7208,1,"[2.295, 7.65]","[8092.673, 18436.658]",0.044874
2.295,7.65,-0.8492,3.8939,7.62864,1.11043,423,7209,1,"[2.295, 7.65]","[8092.673, 18436.658]",0.044182
0.5355,1.785,-0.1981,0.9086,1.78002,0.29212,424,7210,1,"[0.5355, 1.785]","[1712.676, 3709.508]",0.04685
0.5355,1.785,-0.1981,0.9086,1.78002,0.40969,425,7211,1,"[0.5355, 1.785]","[1712.676, 3709.508]",0.043096
0.5355,1.785,-0.1981,0.9086,1.78002,0.26565,426,7212,1,"[0.5355, 1.785]","[1712.676, 3709.508]",0.048265
0.9138,3.046,-0.3381,1.5504,3.03749,-0.3381,427,7266,1,"[0.9138, 3.0460000000000003]","[2551.139, 6111.482]",0.055307
0.2719,0.9064,-0.1006,0.4614,0.90387,-0.1006,428,7267,1,"[0.27190000000000003, 0.9064]","[1154.111, 2136.433]",0.036017
0.2719,0.9064,-0.1006,0.4614,0.90387,-0.1006,429,7268,1,"[0.27190000000000003, 0.9064]","[1154.111, 2136.433]",0.04792
0.2719,0.9064,-0.1006,0.4614,0.90387,-0.1006,430,7269,1,"[0.27190000000000003, 0.9064]","[1154.111, 2136.433]",0.041386
0.5438,1.8128,-0.2012,0.9227,1.80774,-0.2012,431,7270,1,"[0.5438000000000001, 1.8128]","[1730.618, 3760.595]",0.041854
0.29,0.9668,-0.1073,0.4921,0.9641,0.4921,440,7307,1,"[0.29, 0.9668000000000001]","[1238.015, 2395.998]",0.056759
0.29,0.9668,-0.1073,0.4921,0.9641,0.4921,441,7308,1,"[0.29, 0.9668000000000001]","[1238.015, 2395.998]",0.052982
0.29,0.9668,-0.1073,0.4921,0.9641,0.4921,443,7310,1,"[0.29, 0.9668000000000001]","[1238.015, 2395.998]",0.048945
0.5801,1.9337,-0.2146,0.9842,1.9283,0.9842,444,7311,1,"[0.5801, 1.9337]","[1904.279, 4300.608]",0.047307
0.3734,1.2448,-0.1382,0.633599999999999,0.37823,-0.1382,445,7323,1,"[0.3734, 1.2448000000000001]","[1366.7, 2732.516]",0.04281
0.3734,1.2448,-0.1382,0.633599999999999,0.37823,-0.1382,446,7324,1,"[0.3734, 1.2448000000000001]","[1366.7, 2732.516]",0.037461
0.3734,1.2448,-0.1382,0.633599999999999,0.37823,-0.1382,447,7325,1,"[0.3734, 1.2448000000000001]","[1366.7, 2732.516]",0.033885
0.3734,1.2448,-0.1382,0.633599999999999,0.37823,-0.1382,448,7326,1,"[0.3734, 1.2448000000000001]","[1366.7, 2732.516]",0.039107
0.3057,1.019,-0.1131,0.518699999999999,0.30965,0.422479999999999,449,7329,1,"[0.3057, 1.0190000000000001]","[1273.326, 2496.027]",0.036086
1.3605,4.535,-0.5533,2.1133,1.3781,1.5388,451,7335,1,"[1.3605, 4.535]","[3825.303, 10126.717]",0.048642
0.9415,3.13829999999999,-0.3483,1.5974,3.12954,1.39367,452,7349,1,"[0.9415, 3.1382999999999996]","[2614.276, 6294.131]",0.040577
0.9415,3.13829999999999,-0.3483,1.5974,3.12954,0.60081,453,7350,1,"[0.9415, 3.1382999999999996]","[2614.276, 6294.131]",0.037308
0.9415,3.13829999999999,-0.3483,1.5974,3.12954,0.47247,454,7351,1,"[0.9415, 3.1382999999999996]","[2614.276, 6294.131]",0.040139
0.9415,3.13829999999999,-0.3483,1.5974,3.12954,0.491349999999999,455,7352,1,"[0.9415, 3.1382999999999996]","[2614.276, 6294.131]",0.036409
2.0526,6.842,-0.7595,3.48259999999999,5.94841,0.76488,456,7353,1,"[2.0526, 6.8420000000000005]","[7569.923, 16601.036]",0.049019
2.0526,6.842,-0.7595,3.48259999999999,5.91067,1.24133,457,7354,1,"[2.0526, 6.8420000000000005]","[7569.923, 16601.036]",0.037491
2.0526,6.842,-0.7595,3.48259999999999,5.91067,1.23228,458,7355,1,"[2.0526, 6.8420000000000005]","[7569.923, 16601.036]",0.044273
2.05,6.842,-0.7595,3.48259999999999,5.91015,1.28786,459,7356,1,"[2.05, 6.8420000000000005]","[7565.124, 16601.015]",0.047897
0.0489,0.163,-0.0181,0.083,0.16254,0.083,460,7357,1,"[0.0489, 0.163]","[697.994, 869.808]",0.0
0.6756,2.252,-0.25,1.14629999999999,2.24571,0.39174,461,7358,1,"[0.6756, 2.252]","[2018.146, 4579.285]",0.05447
0.6756,2.252,-0.25,1.14629999999999,2.24571,0.86674,462,7359,1,"[0.6756, 2.252]","[2018.146, 4579.285]",0.036199
0.6756,2.252,-0.25,1.14629999999999,2.24571,0.52955,463,7360,1,"[0.6756, 2.252]","[2018.146, 4579.285]",0.049623
0.3081,1.027,-0.114,0.5227,1.02413,0.32396,464,7361,1,"[0.3081, 1.0270000000000001]","[1229.536, 2347.39]",0.042217
0.3218,1.0727,-0.1191,0.546,1.0697,0.328509999999999,465,7369,1,"[0.3218, 1.0727]","[1258.238, 2427.874]",0.044097
0.3218,1.0727,-0.1191,0.546,1.0697,0.26392,466,7370,1,"[0.3218, 1.0727]","[1258.238, 2427.874]",0.052237
0.3218,1.0727,-0.1191,0.546,1.0697,0.31592,467,7371,1,"[0.3218, 1.0727]","[1258.238, 2427.874]",0.041964
0.3218,1.0727,-0.1191,0.546,1.0697,0.33741,468,7372,1,"[0.3218, 1.0727]","[1258.238, 2427.874]",0.048397
0.3218,1.0727,-0.1191,0.546,1.0697,0.546,469,7373,1,"[0.3218, 1.0727]","[1258.238, 2427.874]",0.044532
0.3218,1.0727,-0.1191,0.546,1.0697,0.414879999999999,470,7374,1,"[0.3218, 1.0727]","[1258.238, 2427.874]",0.04255
0.551,1.8366,-0.2039,0.9348,1.83147,0.40549,471,7375,1,"[0.551, 1.8366]","[1746.186, 3804.529]",0.052053
0.551,1.8366,-0.2039,0.9348,1.83147,0.44012,472,7376,1,"[0.551, 1.8366]","[1746.186, 3804.529]",0.043877
0.551,1.8366,-0.2039,0.9348,1.83147,0.56138,473,7377,1,"[0.551, 1.8366]","[1746.186, 3804.529]",0.043938
0.551,1.8366,-0.2039,0.9348,1.83147,0.45673,474,7378,1,"[0.551, 1.8366]","[1746.186, 3804.529]",0.048482
0.551,1.8366,-0.2039,0.9348,1.83147,0.492749999999999,475,7379,1,"[0.551, 1.8366]","[1746.186, 3804.529]",0.049576
1.6284,5.428,-0.6025,2.7629,5.41284,2.7629,476,7389,1,"[1.6284, 5.428]","[5766.202, 12625.483]",0.040383
2.6352,8.78399999999999,-0.9749,4.47119999999999,8.75948,-0.9749,477,7400,1,"[0.21600000000000003, 0.72]","[1038.346, 1813.276]",0.050734
1.1193,3.731,-0.414099999999999,1.89909999999999,3.72058,1.89909999999999,483,7406,1,"[0.1893, 0.631]","[1013.267, 1759.874]",0.041463
0.3072,1.024,-0.1137,0.5212,1.02114,0.5212,485,7414,1,"[0.3072, 1.024]","[1276.693, 2505.584]",0.048101
0.5292,1.764,-0.1957999999999998,0.8978,1.75908,0.24236,486,7419,1,"[0.2646, 0.882]","[1138.923, 2093.896]",0.0455
4.5267,15.089,-1.6747,7.680199999999999,4.5852599999999955,5.0466,488,7422,1,"[0.0204, 0.068]","[640.794, 712.217]",0.0
2.8497,9.49819999999994,-1.054499999999998,4.834299999999994,2.88656,2.51444,499,7428,1,"[0.3016, 1.0051999999999999]","[1215.952, 2309.183]",0.042117
0.518,1.7267,-0.1917,0.8789,1.72187999999999,-0.1917,515,8046,1,"[0.518, 1.7267]","[1850.804, 4212.475]",0.047695
0.518,1.7267,-0.1917,0.8789,1.72187999999999,0.8789,517,8048,1,"[0.518, 1.7267]","[1850.804, 4212.475]",0.05425
0.518,1.7267,-0.1917,0.8789,1.72187999999999,-0.1917,518,8049,1,"[0.518, 1.7267]","[1850.804, 4212.475]",0.040725
2.7747,9.249,-1.1284,4.31,9.22317,-0.81812,524,8071,1,"[2.7747, 6.011849999999999, 9.249]","[6835.862, 13448.812, 20480.928]",0.042506
0.7047,2.349,-0.2607,1.1956,2.34244,0.11097,525,8077,1,"[0.7047, 2.349]","[2096.818, 4811.125]",0.052749
0.7047,2.349,-0.2607,1.1956,2.34244,0.0948499999999999,526,8078,1,"[0.7047, 2.349]","[2096.818, 4811.125]",0.045437
0.7047,2.349,-0.2607,1.1956,2.34244,0.10987,527,8079,1,"[0.7047, 2.349]","[2096.818, 4811.125]",0.051594
0.7047,2.349,-0.2607,1.1956,2.34244,0.10397,528,8080,1,"[0.7047, 2.349]","[2096.818, 4811.125]",0.040094
2.6931,8.977,-1.0952,4.1833,8.95192999999999,1.57093,530,8088,1,"[2.6931, 5.83505, 8.977]","[6660.943, 13063.178, 19860.287]",0.03798
1.0551,3.517,-0.4291,1.63889999999999,2.27509,0.90764,534,8117,1,"[1.0551000000000001, 3.517]","[3530.141, 9131.559]",0.040044
1.98,6.6,-0.805199999999999,3.0756,6.58157,-0.38519,535,8129,1,"[1.98, 4.29, 6.6]","[4781.742, 8962.149, 13356.0]",0.044528
1.98,6.6,-0.805199999999999,3.0756,6.58157,-0.04372,536,8130,1,"[1.98, 4.29, 6.6]","[4781.742, 8962.149, 13356.0]",0.030624
1.98,6.6,-0.805199999999999,3.0756,6.58157,-0.27449,537,8131,1,"[1.98, 4.29, 6.6]","[4781.742, 8962.149, 13356.0]",0.043766
0.5238,1.746,-0.213,0.8136,1.74112,-0.213,542,8155,2,"[0.5238, 1.746]","[1783.545, 4120.997]",0.035802
